<?xml version="1.0" encoding="UTF-8"?>
<project-private xmlns="http://www.netbeans.org/ns/project-private/1">
    <editor-bookmarks xmlns="http://www.netbeans.org/ns/editor-bookmarks/1"/>
    <editor-bookmarks xmlns="http://www.netbeans.org/ns/editor-bookmarks/2" lastBookmarkId="0"/>
    <open-files xmlns="http://www.netbeans.org/ns/projectui-open-files/2">
        <group>
            <file>file:/Users/pffung/Downloads/Lecture10a_Demo/src/OctopusWatch.java</file>
            <file>file:/Users/pffung/Downloads/Lecture10a_Demo/src/anotherbank/CurrentAccount.java</file>
            <file>file:/Users/pffung/Downloads/Lecture10a_Demo/src/somebank/Account.java</file>
            <file>file:/Users/pffung/Downloads/Lecture10a_Demo/src/Octopus.java</file>
            <file>file:/Users/pffung/Downloads/Lecture10a_Demo/src/Lecture10cPolymorphism.java</file>
        </group>
    </open-files>
</project-private>
